{"cameraMode":{"drawMode":0,"name":"Shaded","section":"Shading Mode"},"sceneLighting":true,"audioPlay":false,"sceneViewState":{"showFog":true,"showMaterialUpdate":false,"showSkybox":true,"showFlares":true,"showImageEffects":true,"showParticleSystems":true},"in2DMode":false,"pivot":{"x":1.9289432764053345,"y":-1.0324230194091797,"z":1.584035873413086},"rotation":{"x":0.45003917813301089,"y":-0.0013437126763164998,"z":0.0006772563210688531,"w":0.8930086493492127},"size":14.920584678649903,"orthographic":false}