{"cameraMode":{"drawMode":0,"name":"Shaded","section":"Shading Mode"},"sceneLighting":true,"audioPlay":false,"sceneViewState":{"showFog":true,"showMaterialUpdate":false,"showSkybox":true,"showFlares":true,"showImageEffects":true,"showParticleSystems":true},"in2DMode":false,"pivot":{"x":0.0,"y":1.7000000476837159,"z":-2.4000000953674318},"rotation":{"x":0.05585889145731926,"y":-0.9068653583526611,"z":0.12733469903469087,"w":0.3978208303451538},"size":7.669029235839844,"orthographic":true}